ticker,label,growth,gross_margin,fcf_margin,rule_of_40,ev_rev,cash_ratio,log_mcap
SPLK,1,0.18,0.8,0.21,0.39,7.6,0.15,10.32
WORK,1,0.39,0.84,0.02,0.41,30.8,0.2,10.44
COUP,1,0.17,0.66,-0.02,0.15,9.0,0.15,9.79
AVLR,1,0.23,0.75,-0.05,0.18,8.8,0.18,9.82
ZEN,1,0.25,0.78,0.05,0.3,5.5,0.15,9.9
PING,1,0.15,0.75,0.05,0.2,7.7,0.15,9.3
SUMO,1,0.15,0.7,-0.15,0.0,5.0,0.2,9.23
MIME,1,0.15,0.75,0.05,0.2,11.0,0.15,9.76
FORG,1,0.2,0.7,-0.1,0.1,11.0,0.2,9.32
CVT,1,0.15,0.6,0.1,0.25,4.0,0.1,9.66
MDLA,1,0.2,0.65,-0.1,0.1,12.8,0.15,9.81
NEWR,1,0.1,0.75,0.05,0.15,7.0,0.2,9.81
SAIL,1,0.3,0.75,-0.05,0.25,16.0,0.15,9.84
PFPT,1,0.24,0.7,0.1,0.34,11.7,0.15,10.09
CTXS,1,0.02,0.82,0.2,0.22,5.0,0.15,10.2
CKR,1,0.2,0.85,0.15,0.35,7.0,0.2,9.85
FIN,1,0.4,0.7,0.0,0.4,10.0,0.15,8.92
EVOP,1,0.1,0.45,0.1,0.2,6.5,0.1,9.6
PAYA,1,0.15,0.45,0.05,0.2,4.7,0.1,9.11
EPAY,1,0.1,0.6,0.1,0.2,5.6,0.15,9.41
PATH,0,0.134,0.82583,0.2755937075630292,0.4095937075630292,3.334127653383395,0.1849652578840942,9.84147148446004
DOMO,0,-0.037,0.75441,0.03454161124611921,-0.00245838875388079,0.9157821459309728,0.15014519725093972,8.222660212065284
DDOG,0,0.356,0.79536,0.2650580315482006,0.6210580315482006,24.090964064583332,0.050221061332058746,10.996817451254604
FIVN,0,0.103,0.55063,0.216368869685982,0.319368869685982,2.376129909458391,0.24484177036871213,9.426733417568673
SSNC,0,0.103,0.48104,0.19830752104883761,0.3013075210488376,3.922556770204396,0.023622297209337,10.264967406030621
FROG,0,0.287,0.77862,0.33796994710918216,0.6249699471091821,18.706281616669898,0.06851888468270485,10.080373008915535
CXM,0,0.008,0.65594,0.11521002133548446,0.12321002133548445,0.916943347063055,0.3737025963756505,9.083479089891817
MS,0,0.28,0.87641,0.0,0.28,2.1033833209409876,2.502948521500126,11.470237190441836
SCHW,0,0.209,0.97495,0.0,0.209,5.74577352622699,0.5664176309289211,11.230741998587124
MSCI,0,0.122,0.82975,0.35836601524008915,0.48036601524008915,13.750650230570239,0.008895367054350454,10.598241586349287
RJF,0,0.151,0.93156,0.0,0.151,1.3618041402390892,0.5219959226708841,10.486995394082648
APTV,0,0.023,0.19251,0.07875401567391704,0.10175401567391704,0.684893127676596,0.08335489417387065,9.960453552302953
LPLA,0,0.364,0.2989,0.0,0.364,1.538284531550899,0.1157010587366983,10.390571343972173
TREE,0,0.253,0.96408,0.04976259314847132,0.3027625931484713,0.5282949174217291,0.32136714642824815,8.537404996191174
BILL,0,0.138,0.83938,0.1347945078678703,0.2727945078678703,2.234117456860508,0.5189639268929848,9.572106555597008
SEDG,0,0.196,0.21253,0.08538833130213015,0.28138833130213015,1.320825613240018,0.28797033753238244,9.278593531655487
ENVX,0,0.208,0.1883,-1.937167256612503,-1.7291672566125031,18.841213634716688,0.7798833334469821,8.78537744816289
WIX,0,0.149,0.66637003,0.20733973289731064,0.35633973289731063,1.9438304843423626,0.31299378210047546,9.487090515002839
LI,0,-0.151,0.13593,-0.093021731846519,-0.24402173184651899,-0.5728879485767918,7.87611619783672,10.036121342938948
IAS,0,0.156,0.77422,0.21726153778308654,0.37326153778308657,2.761611327189615,0.07444273936669785,9.239453613046537
RKT,0,0.919,1.0,-0.3481177265061337,0.5708822734938663,6.211633241460252,0.10172663722730199,10.530132568870055
AEHR,0,0.337,0.35301,-0.03910671786564269,0.29789328213435734,64.23339117217655,0.03506649889362993,9.520903840587573
PANW,0,0.345,0.70383,0.36939239606891056,0.7143923960689105,28.190634940626733,0.009474520544365353,11.510722583656339
EFX,0,0.106,0.55542,0.14703040991620345,0.25303040991620346,3.369255040393539,0.01036173868985947,10.215271677889131
BLNK,0,-0.245,0.33688998,0.1947527291558778,-0.0502472708441222,0.49122179181771103,0.4418257710667891,7.886278963453785
FIS,0,0.291,0.35836,0.21746928125772721,0.5084692812577272,3.0804808217382114,0.0435855820619216,10.232230085417088
FSLR,0,-0.037,0.44015998,0.29725988892850325,0.26025988892850327,3.1542299448688578,0.09336642822122788,10.26709253141007
TWLO,0,0.22,0.48561,0.171324337505753,0.391324337505753,8.017617501541102,0.057412307908725736,10.665277019152391
ADSK,0,0.161,0.92503,0.4053273237635562,0.5663273237635562,5.6115260531097135,0.09408160343344456,10.645066324330505
AMBA,0,0.132,0.58522,0.07858196756028765,0.21058196756028766,6.805681303887378,0.08776097685728487,9.491797226843559
UWMC,0,-0.706,1.0,-0.07093318889069136,-0.7769331888906913,5.907798992681444,0.2791660817118053,9.285186745021697
CWAN,0,0.744,0.65972,0.1941403242365445,0.9381403242365445,9.821833992504454,0.011118322137139609,9.865155655571789
DAVA,0,-0.084,0.21895,0.04253441939973263,-0.04146558060026737,0.40089668295519976,0.4768080621643538,8.006286365485066
ALRM,0,0.092,0.65809,0.09439032445352616,0.18639032445352616,2.619490073365857,0.17872332800659474,9.430250875021494
FLYW,0,0.272,0.59622,0.2353909276958688,0.5073909276958688,2.5839874895854176,0.13769537668254742,9.329699690293847
MDB,0,0.305,0.72688,0.20172570501265158,0.5067257050126516,9.319520535855153,0.08523246851624997,10.451637897249865
CSIQ,0,-0.287,0.17638999,-0.2581255405792239,-0.5451255405792239,1.3247273890395415,1.909637799453572,8.883772927226836
SOFI,0,0.426,0.83734,0.0,0.426,4.804414286305469,0.1645529866442618,10.310873225298915
PAYO,0,0.052,0.85370004,-0.06389194896646776,-0.01189194896646776,1.996712708290771,0.14314321956261306,9.38370679171038
OWL,0,0.071,0.58491004,0.5197877556373396,0.5907877556373395,6.086558252958689,0.012053071623891251,10.146935400076055
PSNY,0,-0.044,-0.05689,-0.3407747379982281,-0.3847747379982281,2.0609330538716133,0.8495010026744929,9.01904215566241
HUBS,0,0.198,0.83248,0.19328832015799716,0.3912883201579972,2.9082043346267192,0.12019518464928149,10.046550555707157
CDNS,0,0.242,0.85871005,0.2757417879777824,0.5177417879777824,16.73765410875853,0.01585937899550311,10.984925812830875
FICO,0,0.257,0.851,0.3235384445740715,0.5805384445740716,8.206052386966196,0.01738314514215934,10.155100156495982
EVTC,0,0.197,0.51118,0.1522072940298031,0.3492072940298031,2.711530931098049,0.15926646180894738,9.21394840603443
PGY,0,0.186,0.43387002,0.14905267999839766,0.33505267999839766,0.7719045533888538,0.8862008392708888,9.162847080241788
LCID,0,0.562,-1.00603,-2.1745198165516673,-1.6125198165516672,2.93868729353148,0.4610793432158306,9.217787593599171
AMP,0,0.116,0.54932,0.1463342359852553,0.2623342359852553,1.9009043758797863,0.23562629549028113,10.640571294710382
GTLB,0,0.213,0.859,0.2710793556905253,0.4840793556905253,6.696033792475324,0.15103612020282595,9.920249614125664
OKTA,0,0.106,0.78132004,0.3376586546079251,0.4436586546079251,11.365498051217662,0.06184733805328301,10.570217971288193
DT,0,0.162,0.81597,0.26079779664576197,0.422797796645762,7.754094228441819,0.06447272548440801,10.235502254322508
STNE,0,0.016,0.71558,0.5208129965246291,0.5368129965246291,0.8050245270203458,3.7734120319393805,9.33690199742087
MGA,0,0.033,0.14713,0.05477958839381919,0.08777958839381919,0.5222124462154645,0.08292581800272254,10.236646273254049
STEP,0,0.04,-0.48369,1.405516899565061,1.4455168995650611,3.304856167038751,0.12172557037457082,9.761276874442403
RACE,0,0.084,0.51618,0.1362627185204217,0.22026271852042173,9.47804945087464,0.021063792485577246,10.832259027286732
ASAN,0,0.099,0.87592006,0.237947954493394,0.336947954493394,2.3706246516476237,0.16621043224330365,9.310630283464382
NDAQ,0,0.149,1.0,0.3013003194573493,0.4503003194573493,10.688181393643175,0.010831074911751446,10.709621423535525
HOOD,0,0.323,0.9189,0.0,0.323,20.063463503699648,0.23921027568823688,10.999708905984864
TSLA,0,0.255,0.18852,0.046670973793253495,0.30167097379325347,13.232419928793268,0.031120267506720072,12.14568549802332
DV,0,0.025,0.82434,0.21090275012800866,0.23590275012800865,2.612509062164136,0.09975504344914182,9.323644127616477
UPLD,0,-0.079,0.76284,0.1814352551562564,0.10243525515625639,1.0426342589939448,2.852663041445673,7.036727199245641
TTD,0,0.03,0.76872003,0.1949718528586816,0.2249718528586816,1.5616662458700503,0.2596363459971908,9.757458339203218
CRTO,0,-0.113,0.53602004,0.09586732299200995,-0.017132677007990052,0.32956657428133246,0.375603950912736,8.872874352776043
WKHS,0,3.749,-0.81125,-1.4886782327427772,2.260321767257223,3.625304712195839,0.2996883912998552,7.506911266222805
EVGO,0,-0.157,0.39938,-0.4259414515024271,-0.5829414515024272,1.7124363441436612,0.3074063537826379,8.59801288551822
NMR,0,0.312,0.77976,0.0,0.312,-6.596155458429402,1867.8310006126148,10.454327099221961
JKHY,0,0.047,0.43897998,0.13843428558549783,0.18543428558549785,3.9895479114279517,0.0011954391118358593,10.003675778526148
DLO,0,0.558,0.34282002,0.2566454179189947,0.8146454179189948,2.428200036429931,0.20179095744141606,9.606415212961478
WDAY,0,0.128,0.75795,0.29998768779888096,0.42798768779888097,4.4683161486870215,0.07561088252285954,10.653277650128844
ZS,0,0.249,0.76872003,0.3206289225860549,0.5696289225860549,9.18885496281134,0.10718713278802167,10.510706025755983
MP,0,1.197,0.42326,-1.0401273462278615,0.15687265377213855,18.58919648134242,0.17696329876443784,9.914274487246942
QLYS,0,0.11,0.83417,0.34763956097660453,0.4576395609766045,8.693378758279303,0.06574410488286911,9.811852419628384
VCTR,0,0.24,0.57335997,0.3338248370751426,0.5738248370751426,5.013958891724999,0.01020299591782856,9.837151354474544
BWA,0,0.003,0.19325,0.07433421793496373,0.07733421793496373,0.9700484629576697,0.19906687856056485,10.08981240686139
OPRT,0,0.094,0.95237,0.0,0.094,3.8993580110778607,0.36904636916536077,8.57777337034191
CHPT,0,0.177,0.30969998,0.07573206002476392,0.2527320600247639,0.9901967806915415,0.34808064832545643,8.437549713831766
ROP,0,0.085,0.69525003,0.2736238473538443,0.35862384735384434,5.65377679300015,0.010175550495619816,10.554615949571286
SPSC,0,0.056,0.69821,0.22857112913237143,0.2845711291323714,3.7079393253858184,0.05712792768186833,9.481616682927344
FRSH,0,0.16,0.84963995,0.2885407413103421,0.44854074131034205,3.0995620918253697,0.19355467371436613,9.535434400585117
TEAM,0,0.276,0.85643,0.2518901901828834,0.5278901901828834,7.3135633561351705,0.0257836369403812,10.681906580809809
AFRM,0,0.33,0.4893,0.11233689551580273,0.44233689551580274,7.529891434300527,0.0716147797040245,10.375930112261296
TOST,0,0.231,0.26646,0.0697016463614964,0.30070164636149643,2.2313258076454154,0.10139129939362863,10.227756657890861
BEN,0,0.143,0.37707,-0.32076690784515755,-0.17776690784515756,1.8676654751610169,0.16171386017675002,10.217812796115732
FLNC,0,0.079,0.09364,0.0009190729236690547,0.07991907292366905,0.5879613332491628,0.23027186412240144,9.168378820653647
BSY,0,0.128,0.81845003,0.24842067269471785,0.37642067269471785,6.874992189953124,0.014856256097553403,9.995351796858984
MKTX,0,-0.005,0.61662996,-0.5261802860511745,-0.5311802860511745,6.451176172146515,0.05991470318691467,9.761934128281498
PLTR,0,0.928,0.84796,0.3507350963402627,1.2787350963402626,72.69067505844059,0.020603390839369084,11.659609325607624
TENB,0,0.086,0.78051,0.2460727332964251,0.33207273329642506,3.929424560619779,0.07498048373684431,9.599572496800885
MQ,0,0.17,0.69991994,0.2255183558227152,0.3955183558227152,1.588171912456511,0.39605801574554383,9.247894774159196
UPST,0,0.423,0.83043,-0.102950288950366,0.320049711049634,2.980888194882429,0.20500422227833842,9.34895378029624
SPGI,0,0.104,0.70903,0.3379388243537707,0.4419388243537707,7.818109638372777,0.036127027631477876,11.058538254487106
BL,0,0.092,0.75563,0.18925745991524312,0.2812574599152431,2.4032592074795756,0.3304111968095571,9.203381715020262
ADYEY,0,0.189,0.68535006,-0.46079819028872016,-0.27179819028872015,7.048243605546812,0.4105751622014477,10.480140786730711
KLTR,0,0.055,0.72051,0.23352451804032542,0.2885245180403254,1.1467520339582595,0.16028428813700843,8.290625633477926
TM,0,0.104,0.16767,-0.06928730992967115,0.034712690070328844,0.5931770745879724,61.49266483297553,11.336676196883916
VRSN,0,0.06,0.88465,0.4876383209763884,0.5476383209763884,15.95055853011425,0.03987159017194089,10.413898968004558
EEFT,0,0.032,0.24004,0.07123793954243031,0.10323793954243031,0.6865232561119954,0.9174643752083714,9.376643519445725
VEEV,0,0.176,0.74961,0.3636998873646701,0.5396998873646701,11.149396986421946,0.15867315798054912,10.659411846257731
FOUR,0,0.341,0.35904998,0.07392826903747,0.41492826903747004,1.4680888674371864,0.12671739949151753,9.44861374627538
APPF,0,0.193,0.63532,0.19110684915705722,0.38410684915705723,6.770844248424891,0.0306467059171606,9.859352491604396
STLA,0,0.131,0.06554,-0.020785026350617467,0.11021497364938254,0.23508339278089943,1.808333967945314,10.247205808922686
RPD,0,-0.015,0.69297,0.1556517468769677,0.1406517468769677,1.2523568316245046,0.8643384055299155,8.910011358959204
VRSK,0,0.044,0.70179003,0.3365912040816327,0.38059120408163266,8.284620632653061,0.02519658247711361,10.340754762790821
FDS,0,0.063,0.50605,0.22510905496039182,0.28810905496039185,4.5029401677370995,0.026873551770265416,9.994464561430275
MELI,0,0.498,0.47749,0.010044199513525753,0.5080441995135258,2.640332990661115,0.06724788895611924,10.931611372658212
VWAGY,0,0.02,0.13766,0.04386479014895054,0.06386479014895054,0.7851031503635387,1.7389416680382501,10.584322376251153
GDDY,0,0.066,0.63802,0.23607493069728042,0.3020749306972804,2.9233743139319155,0.09790515854528453,10.08927949845038
INTA,0,0.13,0.75821996,0.2793693274287253,0.4093693274287253,4.7352953295356786,0.05660984689512841,9.458797077054285
TDC,0,0.005,0.61325,0.20609106257254406,0.21109106257254406,1.4592311688995891,0.14878385371744005,9.444444537746358
SYF,0,0.006,0.0,0.0,0.006,2.3724536551623068,0.6959561646661923,10.366745441793038
LEU,0,0.14,0.23655,-0.26862207216712386,-0.12862207216712385,4.545752133361469,0.6567127222171086,9.454117664975975
S,0,0.206,0.72540003,0.27020984723820063,0.4762098472382006,7.218617192619668,0.07631256038592611,9.93380967908738
AMPL,0,0.212,0.72416997,0.19015162452343276,0.4021516245234328,4.7162647701335265,0.07410615388426219,9.277942609796867
IBKR,0,0.263,0.93036,0.0,0.263,8.9428548806186,0.8950414008502614,11.164960472124191
BLK,0,0.306,0.47152,0.2775971541510279,0.5835971541510279,6.375989996691571,0.0800482735578828,11.237878259231111
QSI,0,-0.418,0.35016,-31.23115264797508,-31.64915264797508,127.42427912772585,0.35699547425545736,8.495549843200061
EXFY,0,-0.053,0.48668,0.14501385972280553,0.09201385972280554,1.1276802270851134,0.3042861255003323,8.334679654198203
KKR,0,0.078,0.54767,0.0,0.078,3.595222449142516,0.5643462364399753,10.925664751369752
NCNO,0,0.082,0.62243,0.24353691444703568,0.3255369144470357,3.698440056232092,0.040708799226943176,9.310904569747256
HMC,0,0.135,0.17447,0.011890813666779979,0.14689081366677997,0.3959157074589517,134.09007419386234,10.613126885882643
AI,0,-0.255,0.29093,0.06836964566963018,-0.18663035433036984,5.140932602353022,0.3644863928392514,9.25194569231424
MCO,0,0.151,0.74974996,0.31606923921568625,0.4670692392156862,10.244882635294118,0.019309643444934896,10.889157338978821
RIVN,0,0.272,0.07513,-0.26166497131390015,0.010335028686099867,3.639881659503192,0.24847426063824843,10.32981312456446
SQM,0,1.367,0.42168,0.38938816778298324,1.7563881677829833,2.866742475854378,0.23747402833459635,10.26280924947537
ENPH,0,-0.196,0.30037,0.058955689232465566,-0.13704431076753443,3.0204275550004134,0.21621185458826317,9.637188133983555
XPEV,0,0.08,0.20848,0.0,0.08,0.10396755955656012,3.1075198036637617,9.955405838171924
NOW,0,0.24,0.74768996,0.3495367150772876,0.5895367150772877,9.924912796308874,0.03274710177971248,11.153585672133847
APP,0,0.528,0.88464,0.4656462789807239,0.9936462789807239,13.90587052175893,0.032309040766974495,10.975446282765443
PYPL,0,0.048,0.40477002,0.12960399451226237,0.1776039945122624,1.4168938821759065,0.24798003054939,10.656967395014007
COIN,0,-0.173,0.8581,0.44152249134948096,0.268522491349481,7.9124901676987145,0.17598208614185673,10.698463219946964
PAYC,0,0.098,0.88055,0.197937583811836,0.295937583811836,5.155902945303454,0.019312472845492725,10.010827304136555
EGHT,0,0.049,0.63256,0.09656965336933887,0.14556965336933886,0.8066095385621475,0.27153029155306924,8.523285943394654
EOSE,0,3.514,-0.84749,-1.5129196071841977,2.001080392815802,6.866025913894179,0.2689895784153606,9.055262977229116
PTC,0,-0.068,0.84501,0.3491655178767086,0.28116551787670857,5.805455247976138,0.02211388404902908,10.20120348218181
DAN,0,0.039,0.09462,0.08238710172989441,0.12138710172989442,0.5408957904940406,0.11135994013117365,9.4730990049926
RBLX,0,0.359,0.25674,0.2596678248061703,0.6186678248061703,5.195655499994957,0.09811784423922923,10.487395268727594
CACC,0,0.095,0.94652003,0.0,0.095,8.89913969736454,0.00026343825325276095,9.72544919758721
MC,0,0.12,0.92286,0.0,0.12,2.7153344748743335,0.04924024002030084,9.625199966062937
AMPX,0,1.259,0.22252001,-0.3286462811733255,0.9303537188266744,12.228501409894898,0.053081033856611635,9.147315989191043
SES,0,0.438,0.27754,-1.2025476708008354,-0.7645476708008354,6.274938754634957,0.5378018497759919,8.481559983953622
OTEX,0,0.029,0.77064,0.2597202542784499,0.28872025427844994,1.9913940364464218,0.17676825120345938,9.73525042509831
ALLY,0,0.11,0.0,0.0,0.11,3.3801112566034743,0.6845297221576001,10.058923752816625
OPFI,0,-0.139,1.0,0.0,-0.139,2.2276940816921003,0.12691989943072854,8.704998584638842
YEXT,0,-0.018,0.74858004,0.09463800758226824,0.07663800758226824,1.783403166593063,0.1325134717247617,8.816399765357165
F,0,-0.038,0.07115,-0.04224144109354159,-0.08024144109354159,1.0113357288497713,0.45209469627460724,10.6895557004192
GWRE,0,0.153,0.64212996,0.2325066827759502,0.38550668277595024,8.589702629809306,0.06102503167459527,10.105002426096947
PIPR,0,0.249,0.91817003,0.0,0.249,1.8735424248055614,0.1854962775384835,9.667330745964401
ALKT,0,0.159,0.57359004,0.1693959096493204,0.3283959096493204,3.6319591505968156,0.05391732378112255,9.176515349527149
STEM,0,-0.123,0.41939,0.11289805044787009,-0.01010194955212991,2.4806181823094695,0.9804535113686156,7.593073831294634
VIRT,0,0.291,0.65787005,0.0,0.291,-2.172458212637994,4.408298236793045,9.6911950229113
GPN,0,0.686,0.63959,0.7708395514433122,1.4568395514433123,3.859512015269588,0.25458479586617705,10.32728147076109
NU,0,0.521,0.0,0.0,0.521,6.5061904073975825,0.23630642476306946,10.80753402710686
ENVA,0,0.311,0.83291,0.0,0.311,5.426237371706403,0.03167954109576886,9.63040976568636
CBOE,0,0.229,0.54078996,0.13400706418952002,0.36300706418952,5.566362684909955,0.0813376572078698,10.461607053347425
MA,0,0.141,1.0,0.48346063354607827,0.6244606335460783,14.104821191273604,0.024094786621395015,11.682871724171834
RUN,0,0.528,0.35292998,-0.5671350805260641,-0.03913508052606407,4.698197239838728,0.398583514591868,9.260671464090535
TW,0,0.09,0.93154,0.0,0.09,9.257750056845353,0.09221880736727639,10.348610877432858
MANH,0,0.093,0.5581,0.28513441049338273,0.3781344104933827,10.451788783234374,0.015635607109834287,10.075654960139302
MBLY,0,0.004,0.47370997,0.3244667619047619,0.32846676190476193,2.427519111111111,0.2309214433846373,9.795802086943507
ESTC,0,0.151,0.75586,0.27984084343702376,0.4308408434370238,4.897732522197057,0.15075118111234553,9.986401991418406
ALGM,0,0.275,0.47375,0.10941447315496475,0.3844144731549648,7.318993480407834,0.02389347582512001,9.831313398303411
CRM,0,0.108,0.77282,0.4035658076017351,0.5115658076017351,5.138350838455042,0.05853820286581421,11.289579731632685
CPAY,0,0.215,0.80539,0.38764567085077734,0.6026456708507774,6.602528710945547,0.12439621273704007,10.408062076608642
TROW,0,0.107,0.51614,0.266584885142255,0.37358488514225496,2.6068910347734455,0.14326772387509634,10.353631926653545
VRNS,0,0.183,0.77069,0.20154631676892232,0.3845463167689223,7.6737058809741985,0.12811913269087796,9.736406895894998
RNG,0,0.059,0.71861,0.24749679293855995,0.3064967929385599,2.9384120576345696,0.017050731786500087,9.815535739524071
CSGP,0,0.184,0.78683996,0.11605736782902137,0.30005736782902137,3.1274119415073116,0.11271290452714854,10.050460064310498
CGNX,0,0.169,0.68865997,0.17969141026035862,0.34869141026035866,9.307296381998635,0.03863325912751172,10.019817563785818
SPT,0,0.108,0.77445,0.21585941754665605,0.32385941754665604,1.151665620641562,0.19068216251484768,8.798614143842224
SNOW,0,0.351,0.6703,0.32008088900654713,0.6710808890065472,22.278022609541907,0.01943320307938198,11.081541975598316
V,0,0.144,0.97725,0.45864055481981575,0.6026405548198157,15.411624020561758,0.020415464119094433,11.829667990987701
WU,0,-0.013,0.35094002,0.08850231601074529,0.0755023160107453,0.9053757747489226,0.48990381003402084,9.273582588214191
WOLF,0,-0.241,-0.28236,0.49050892843739935,0.24950892843739936,3.5444978478064484,0.6598192936532443,9.217443344994543
IVZ,0,0.205,0.2952,0.1652716381663835,0.3702716381663835,2.048391724700134,0.0681586843821975,10.128089709124101
MSTR,0,0.069,0.67600995,-45.32488950350034,-45.255889503500335,137.09784205627255,0.038250016208125515,10.806176610794397
CME,0,0.008,1.0,0.43050561402721815,0.43850561402721816,14.342829135719253,0.023872149896268458,10.979204367875665
PD,0,0.008,0.84980005,0.23647427176233277,0.24447427176233277,2.3611503475393856,0.38359428502426157,9.088265468620056
BB,0,0.26,0.77866,0.2254885993485342,0.4854885993485342,8.521915570032574,0.07005067192827191,9.731504650556959
U,0,0.239,0.76133,0.29561140239388606,0.534611402393886,9.446405880045205,0.12254860087736615,10.283126549291332
ALB,0,0.311,0.23959999,0.22585678846508,0.53685678846508,2.160042053493083,0.13165068448728207,10.093213981098119
ABAT,0,1.966,-0.14209,0.1167459749975692,2.082745974997569,12.682892379381471,0.1523313840942683,8.511986617249327
SGML,0,2.239,0.49076998,0.3095314609737954,2.5485314609737952,8.411370977023594,0.017755265184856154,8.972321765074186
PJT,0,0.195,0.95252,0.0,0.195,3.2668824878368947,0.039411930453052024,9.776438792033334
NIO,0,0.691,0.1736,0.0,0.691,-0.048838138457260996,5.057747261346041,9.930402298483465
AXP,0,0.128,0.62338,0.0,0.128,3.0649436045493426,0.2242697368986407,11.30963941483649
PAGS,0,-0.002,0.51472,-0.09373549278735903,-0.09573549278735903,0.14308983165971353,0.5671043726200707,9.388275350722457
BRZE,0,0.262,0.66297996,0.2352798799786667,0.49727987997866674,3.116579555790342,0.14068212146835143,9.464406154887506
ICE,0,0.048,1.0,0.34415846220379964,0.39215846220379963,9.897179830759706,0.012547859091591774,10.929594786358258
SHOP,0,0.337,0.47765,0.11965860223268886,0.4566586022326889,14.220991191315825,0.025570207067752038,11.286607648547658
EVR,0,0.188,0.93934995,0.0,0.188,2.0800682232866863,0.12615742204290215,9.998283917749323
ZETA,0,0.435,0.59478,0.16051901136176502,0.595519011361765,5.083938922843367,0.0383796475748247,9.907193460567703
ZM,0,0.049,0.77663004,0.3956556164441716,0.44465561644417156,4.041590404931229,0.26488502028072297,10.437263884469793
ON,0,0.092,0.42776,0.26729646021281317,0.35929646021281314,5.166532797227742,0.12395500003383046,10.49382925823036
WEX,0,0.142,0.73232,0.4768095420028953,0.6188095420028953,1.7921294007935165,1.061479226394529,9.759532252346816
TIGR,0,0.324,0.87201,0.0,0.324,-6.373733127202028,6.119851074976053,8.885327126576497
TRU,0,0.149,0.5873,0.1651569719624018,0.3141569719624018,3.4176565811206987,0.07046516808986682,10.076046224782717
MTCH,0,-0.012,0.74872,0.2651978209375778,0.2531978209375778,3.54639024397005,0.062366079066350395,9.971321600922096
API,0,0.18,0.64489,-0.0848657494693264,0.09513425053067359,0.7093299405381888,0.9822872667394851,8.544112831451177
NET,0,0.359,0.72577006,0.27541798762913744,0.6344179876291374,49.4957032737452,0.0333066543036815,11.096854336138719
NICE,0,0.076,0.65117997,0.20046352906617865,0.27646352906617866,2.136873433728976,0.05196617645326885,9.83412816106285
TYL,0,0.082,0.47205,0.24465824866229025,0.32665824866229026,5.7648530194562175,0.07173955020436651,10.1310287585939
FTNT,0,0.256,0.80204004,0.3009787543192391,0.556978754319239,16.95420784401909,0.03103501586337723,11.117699752914596
PCTY,0,0.11,0.69281995,0.20316143372352058,0.31316143372352057,4.503807516054504,0.033501110273967245,9.909377146943383
LEA,0,0.03,0.07696,0.036243280332379384,0.06624328033237939,0.4467894806153073,0.12458882496071375,9.907420992545397
APO,0,0.638,0.36141998,0.0,0.638,1.7357914319292853,0.7051850360038665,10.829449821514931
HLI,0,-0.155,0.94111,0.0,-0.155,3.455507815178802,0.08303584462094146,9.952890665184059
CRWD,0,0.258,0.75185996,0.36977979942968,0.62777979942968,49.71422193796465,0.018402219221943662,11.435300880520135
PCOR,0,0.158,0.80074,0.2142209149297549,0.3722209149297549,5.105019796857249,0.0835557811975262,9.894870386138074
INTU,0,0.137,0.80982,0.2962339257586614,0.43323392575866143,3.5802871305999164,0.09527716851580821,10.878343654298195
GS,0,0.425,0.82075995,0.0,0.425,0.025389501898029545,4.430954039141425,11.416781327916217
BX,0,0.286,1.0,0.0,0.286,9.48124271308126,0.019791977061704904,11.127623762285825
WK,0,0.186,0.8021,0.17510189199878906,0.36110189199878906,3.900245980254776,0.2151590661055551,9.578526886661814
PEGA,0,0.094,0.75573,0.2922223284574791,0.38622232845747906,3.0930127064820847,0.06393594778749935,9.752851885358409
VRNT,0,-0.01,0.70852,0.12605723263653923,0.11605723263653923,1.6971463337776649,0.14113505821560046,9.094399634321686
WISE.L,0,0.268,0.84154,-0.1008820189039869,0.1671179810960131,1.3625594687580358,0.647938779127902,9.919732365511802
FUTU,0,0.356,0.94102997,0.0,0.356,-4.630943736849462,10.365105064843014,10.173795037431589
GM,0,0.019,0.10177,0.11822340121143828,0.13722340121143828,0.9474852809100888,0.3446019136048992,10.85571320484902
DBX,0,0.009,0.79732,0.309320211563038,0.318320211563038,4.057530936705625,0.15030136058769375,9.869844276587688
BOX,0,0.092,0.79550004,0.30654286636520955,0.3985428663652095,3.9366917217118416,0.09355852496341044,9.676432610746538
SNPS,0,0.424,0.82921,0.36378218913115135,0.7877821891311514,10.7513331677499,0.03837723784436327,10.973152969952883
ARES,0,0.096,1.0,0.41117368758525513,0.5071736875852552,9.841930563995371,0.047895339687876765,10.587431671326712
BYDDY,0,-0.032,0.17898001,-0.12386358176622807,-0.15586358176622805,0.10994297731736305,1.458037318540151,10.94573672198163
DOCU,0,0.094,0.79609,0.3905552866138417,0.48455528661384173,3.701068224237779,0.05966262344374039,10.115096904361522
RELY,0,0.202,0.61548,0.1083763500313735,0.31037635003137354,2.1600245569885455,0.1487569767026803,9.657722392939402
MNDY,0,0.219,0.88738,0.20827539960574,0.42727539960574,1.8730658252340069,0.31597765787330023,9.530844175010396
ADBE,0,0.129,0.89252996,0.35984310443049355,0.48884310443049356,3.7371505151465256,0.058826718323634945,10.98185845022685
PUBM,0,0.105,0.6443,0.20858130161464064,0.31358130161464065,2.6872112385433287,0.15739367057599035,8.941337568737666
XYZ,0,0.093,0.46572,-0.0010824181790916572,0.09191758182090834,1.7936293260097447,0.1514780193947113,10.64819273249152
